<?xml version="1.0" encoding="UTF-8"?>
<jcr:root xmlns:sling="http://sling.apache.org/jcr/sling/1.0" xmlns:cq="http://www.day.com/jcr/cq/1.0" xmlns:jcr="http://www.jcp.org/jcr/1.0" xmlns:nt="http://www.jcp.org/jcr/nt/1.0"
    jcr:primaryType="cq:Page">
    <jcr:content
        jcr:primaryType="nt:unstructured"
        jcr:title="Publish"
        sling:resourceType="granite/ui/components/foundation/admin/page">
        <head jcr:primaryType="nt:unstructured">
            <items jcr:primaryType="nt:unstructured">
                <favicon
                    jcr:primaryType="nt:unstructured"
                    sling:resourceType="cq/gui/components/common/favicon"/>
            </items>
        </head>
        <content jcr:primaryType="nt:unstructured">
            <items jcr:primaryType="nt:unstructured">
                <wizard
                    jcr:primaryType="nt:unstructured"
                    sling:resourceType="granite/ui/components/foundation/form/wizard"
                    class="activation-wizard hide-steps">
                    <items jcr:primaryType="nt:unstructured">
                        <references
                            jcr:primaryType="nt:unstructured"
                            jcr:title="Publish Wizard"
                            sling:resourceType="granite/ui/components/foundation/form/wizard/step"
                            class="cq-siteadmin-admin-republish-references">
                            <items jcr:primaryType="nt:unstructured">
                                <references
                                    jcr:primaryType="nt:unstructured"
                                    sling:resourceType="dam/gui/components/s7dam/publishwizard/references"
                                    backdisabled="{Boolean}false"
                                    backlabel="Cancel"
                                    class="activation-references"
                                    nextdisabled="{Boolean}false"
                                    nextlabel="Publish"
                                    title="Publish"
                                    wizardpagecallback="references"/>
                                <cancel
                                    jcr:primaryType="nt:unstructured"
                                    sling:resourceType="granite/ui/components/foundation/hyperlink"
                                    class="foundation-wizard-control"
                                    foundation-wizard-control-action="cancel"
                                    text="Cancel"/>
                                <next
                                    jcr:primaryType="nt:unstructured"
                                    sling:resourceType="granite/ui/components/foundation/form/submit"
                                    class="foundation-wizard-control"
                                    disabled="{Boolean}false"
                                    foundation-wizard-control-action="next"
                                    text="Publish"/>
                            </items>
                        </references>
                    </items>
                </wizard>
            </items>
        </content>
    </jcr:content>
</jcr:root>
